start_date,o3_avg,pm25_avg,o3_max,pm25_max,o3_min,pm25_min,o3_stddev,pm25_stddev
2010-12-16,24.9557535648346,12.123472988605497,33.4361305236816,24.3509368896484,5.30439567565918,5.17146348953247,7.835894084794629,6.006850498118489
2010-09-08,54.30276377995808,10.04460271199544,70.2435607910156,14.6917428970337,32.8682174682617,6.86398935317993,11.065030621558476,1.9899087490864562
2010-04-15,47.7018916606903,17.164276003837582,72.6049270629883,32.8758506774902,23.690896987915,8.21307754516602,16.306168319801845,7.464492677811414
2010-08-16,53.479700565338135,6.613519996404647,64.5713272094727,10.1984701156616,47.2732887268066,2.55256867408752,5.171203294042881,2.428895582367008
2010-11-28,25.788414637247726,9.02388932307561,35.4378471374512,13.2692642211914,17.6740112304688,4.60853290557861,5.417343510275587,2.598627182939661
2010-12-02,16.7864531079928,18.008074978987377,23.6825351715088,28.6436309814453,3.71874761581421,3.48209476470947,5.7197780427914156,5.453225998625964
2010-10-22,35.15844440460205,6.926175167163213,50.2203903198242,14.0298948287964,16.6290473937988,3.12712717056274,10.031893459489075,3.1804555913061487
2010-08-03,41.752138455708824,3.9104533096154523,55.0628662109375,5.85656690597534,29.7809066772461,2.62862253189087,8.764000607756488,1.08597067184191
2010-12-18,10.387225227896122,22.86789075533549,27.7153167724609,29.128303527832,0.0195816177874804,12.2518119812012,11.46816576464204,5.936328622370427
2010-04-08,65.25605710347493,13.136051654815665,79.944938659668,17.6085910797119,47.6576881408691,7.56944561004639,9.721848852633086,2.7953596386393373
2010-03-11,46.35008827845255,12.663844287395479,52.6695022583008,19.900484085083,36.539909362793,6.41567516326904,3.7232038780150236,4.116169739701944
2010-06-30,43.675603787104286,3.7946034073829664,63.7746467590332,5.104811668396,24.0618839263916,2.78569269180298,12.27655168235229,0.6483653682254327
2010-01-13,22.845061063766483,11.952883263429007,29.5836372375488,25.0811157226562,0.534307837486267,5.60551595687866,8.045358964571813,5.568611202461349
2010-03-20,38.37629548708598,28.462279677391052,71.1115493774414,46.7846641540527,12.6962757110596,13.6926736831665,22.019831903932616,12.118721116972774
2010-11-10,22.634681542714443,5.9347489674886065,28.7902927398682,8.24743270874023,14.7095623016357,4.00653219223022,3.783805260615353,1.388071983532115
2010-01-31,35.10548893610636,6.659436702728272,42.5719337463379,12.0687198638916,28.9050331115723,4.65744161605835,4.277346104790444,1.7976717682217158
2010-02-17,24.179155270258587,22.001531521479297,35.9449119567871,37.8359527587891,9.57495498657227,8.40210056304932,6.996946008846811,8.956041437852965
2010-07-03,49.39495019117991,6.411348154147468,83.0942535400391,10.6790685653687,12.9750738143921,3.54821610450745,21.379592530651855,2.193728399385184
2010-11-26,36.270333687464394,5.259084969758987,40.1311149597168,8.99406242370605,29.9434051513672,2.36978149414062,2.8472680357612576,2.113984858141021
2010-05-25,57.85097567240397,3.94306629896164,69.4158172607422,6.39897394180298,49.1484909057617,2.03726816177368,5.383791061368397,1.3359996826346692
2010-06-03,63.557339191436775,12.145517706871027,81.9101409912109,15.684871673584,45.8630638122559,9.85940265655518,11.95460986371598,1.677710050469093
2010-01-28,16.068388839562736,20.164370894432064,35.1455993652344,26.4951362609863,6.43408679962158,10.6958122253418,9.879057938653956,5.459395486097043
2010-02-14,34.93934520085653,18.67847951253255,49.4722328186035,28.103048324585,18.8760566711426,12.4732799530029,8.203195063645706,5.3791672144005105
2010-04-21,48.53092209498087,9.185733179251354,59.0652885437012,18.9897537231445,32.7529067993164,1.34953725337982,8.313130069504917,5.276123286208153
2010-06-23,62.109826723734535,10.46868956089019,86.6400375366211,19.0627861022949,32.6787986755371,4.39858961105347,15.52858770536825,4.483324736607835
2010-02-04,29.43837624291579,15.549465378125502,43.0303268432617,31.4260349273682,1.96907222270966,5.51645755767822,12.695615373817787,8.137926484440468
2010-09-03,38.86135689417521,8.282195508480077,59.0744323730469,16.1201438903809,27.2922611236572,2.75042939186096,8.286147615819539,4.926751109829982
2010-01-15,8.681991851303529,50.76701307296752,16.1594505310059,67.3735198974609,9.39866094995523E-6,37.9850120544434,4.692404262710218,10.510378507453016
2010-09-20,41.99185085296631,5.883843272924424,59.6985397338867,11.9340562820435,25.2485008239746,3.61660647392273,10.64962152156195,2.5236780198093265
2010-08-19,61.254464308420815,12.271953165531164,86.21142578125,18.1066570281982,34.0473976135254,6.26675224304199,16.544205895525952,3.9072047858841357
2010-01-30,37.82435258229574,5.046297103166579,40.0805625915527,7.93691682815552,30.6026973724365,3.61830615997314,2.348209830881676,1.0956875658605298
2010-11-20,18.98502416412034,18.721164306004834,33.6927337646484,26.3391780853271,0.290219366550446,12.3563289642334,10.575143246590322,2.972702106933012
2010-04-28,44.493379910786935,4.281496355930964,58.8931541442871,7.27562046051025,29.6732120513916,2.92169308662415,9.65172347655163,1.3382618719677266
2010-02-24,25.748501306693157,4.8484563470507664,44.4705963134766,27.3325099945068,5.4348470257537E-7,0.104473143815994,15.606146576231772,7.544117531781022
2010-05-02,57.055179595947266,10.581197023391715,74.8403396606445,16.1421165466309,37.6979141235352,7.52184057235718,13.276441061256126,3.1550600151248664
2010-05-18,50.53488349914551,3.1564537693435946,51.8903427124023,5.54930686950684,48.7675590515137,0.093287467956543,0.7920507880153222,1.8857703129924106
2010-02-01,27.372216383616134,18.775768677393593,38.8871726989746,27.8077411651611,8.55554580688477,13.6614942550659,8.348226183319303,3.9491973735476953
2010-04-03,49.04242960611978,3.2377530137697867,55.9136962890625,4.49326276779175,42.7724151611328,2.02051115036011,3.871635725349102,0.6895692032897803
2010-09-21,33.1259792248408,5.687849919001262,54.5516242980957,9.28414058685303,11.649224281311,3.59046649932861,16.520282736955707,1.8697510965361939
2010-03-04,38.59635400772095,7.805110216140747,47.0341110229492,9.69095230102539,30.2103290557861,4.17847633361816,4.945228987057458,1.8336322356819423
2010-09-22,58.090835889180504,9.982140004634852,83.8298492431641,17.365083694458,44.2250785827637,4.14496040344238,14.825088257330547,5.713168624918855
2010-08-25,57.64687474568685,10.549372553825377,76.8568878173828,13.3964796066284,34.5872077941895,8.9700403213501,11.788808748694533,1.2900409366931382
2010-12-06,31.353542725245152,3.793746829032898,33.6708374023438,4.79748010635376,28.7581272125244,2.80812478065491,1.7056669769429436,0.6657725578647944
2010-10-21,30.90467540423076,13.798556089401245,47.3727111816406,21.5717124938965,16.2282180786133,4.4497766494751,11.09968618710682,5.842004477321299
2010-03-08,34.74130368232727,16.422482132911675,48.0274276733398,25.6900730133057,19.403715133667,8.43438720703125,8.936730789008433,4.9718555034384515
2010-05-28,46.27008597056071,2.6250420610109977,48.5297508239746,3.56784391403198,40.1322746276855,1.58388090133667,2.227666966882372,0.5514385975380446
2010-11-04,36.869433323542275,3.4039965892831496,45.7028427124023,6.99574661254883,16.3182163238525,0.1996790766716,8.710834202078388,2.529519975073697
2010-08-09,61.33958244323731,5.315999547640484,76.4792098999023,7.00955724716187,52.0067405700684,3.54331588745117,8.919402258911633,1.2297927479274364
2010-09-18,42.82216866811117,4.4230060279369345,50.756175994873,5.32698917388916,26.4801235198975,3.71626782417297,8.888472141885503,0.4830905174640206
2010-11-17,42.77319836616516,2.8598605841398235,53.3443298339844,7.97382354736328,21.6168689727783,0.611499786376953,9.620828891936835,1.866843995241042
2010-08-29,59.57196601231894,12.238277097543076,85.2925796508789,20.9154987335205,16.8805599212646,7.60527563095093,23.130874561676166,4.0143561431773715
2010-07-20,59.47531739870707,7.353797614574436,95.3326721191406,10.7651052474976,28.1808681488037,3.98782110214233,24.42138847853432,2.148411146030067
2010-09-27,39.86226590474447,2.4252114742994304,52.610523223877,3.61948728561401,33.0267066955566,1.63278889656067,5.923457497325322,0.6242439807007271
2010-09-04,44.29527858893076,8.403840561707817,58.4406700134277,20.9524364471436,13.8545818328857,5.28961801528931,15.041234144473457,3.903741425346535
2010-05-15,50.829875628153495,8.162357737620672,58.9870109558105,12.1939744949341,42.9712333679199,3.58053994178772,5.393696938560521,2.852734527250953
2010-01-22,31.572223857045177,8.86805870135625,41.7811660766602,23.7371959686279,1.17862117290497,4.01156044006348,10.238747007097695,5.223578474572989
2010-01-04,29.822671969731648,5.695721924304962,33.5123405456543,7.75784015655518,23.0640716552734,4.01915693283081,3.218981680774893,1.3983238338215092
2010-07-28,59.4863387743632,8.513895750045776,74.2814559936523,10.21510887146,36.0221366882324,5.89137697219849,13.98789325869409,1.1918590477134796
2010-11-18,28.08861780166626,13.707368969917288,35.2038383483887,20.7148666381836,17.0214519500732,8.88408470153809,5.7774458572603455,4.046335771550564
2010-11-29,16.583551851411652,18.033279259999592,38.2138252258301,33.1013793945312,0.203398853540421,5.32050895690918,16.95442581279521,10.220434405726408
2010-09-28,39.62810468673707,1.0954598560929296,42.9864082336426,1.67589259147644,36.5802917480469,0.519433915615082,1.728050185446111,0.3076415748955832
2010-07-21,63.610189119974784,9.091780920823414,84.7546081542969,14.0966901779175,41.5264472961426,6.1349949836731,15.239389596629039,2.2256123425314294
2010-05-17,38.98398530483246,7.086460103591288,53.7316513061523,15.371509552002,10.3013372421265,3.11114001274109,15.06683543002337,3.630828496218631
2010-12-25,20.93897196650505,11.159479478995008,25.0682525634766,24.0342998504639,1.26630997657776,7.44468545913696,5.95609917555006,4.01742969260629
2010-02-09,19.572881082693737,19.687155961990346,40.768913269043,35.9272155761719,0.679612398147583,10.6280212402344,12.771908690083736,7.818931387038305
2010-07-09,45.23405043284098,1.9798937737941744,48.9309425354004,3.28067779541016,37.5774536132812,0.728025913238525,3.864394268528328,0.8373525886664231
2010-11-05,16.94638607063098,4.5693415850400925,30.5794486999512,7.08169841766357,0.00425708713009953,0.677572011947632,10.312347676199476,1.666457535036096
2010-04-02,42.588554223378495,7.508797605832416,61.1480178833008,11.7547512054443,29.1527652740479,4.76462173461914,11.95765211153773,2.5166919357872124
2010-04-05,45.174147685368844,15.424692134062452,70.0613403320312,29.8132724761963,21.1538600921631,6.41988372802734,18.005278360839274,7.675612280644179
2010-12-24,29.85141181945801,5.0980951587359105,32.2334747314453,9.77116203308105,21.6639633178711,3.34108734130859,2.7334251833244254,1.72950374935622
2010-09-14,35.29962857564289,10.770235240459447,52.522518157959,17.86794090271,19.2907447814941,3.38124942779541,12.754319527393022,5.083452159882347
2010-05-13,45.7766720453898,4.638163268566132,63.1140899658203,9.80500888824463,26.6707592010498,2.561368227005,10.641778796952655,1.8812185594992632
2010-09-13,42.97137713432311,3.7839876959721246,65.7567901611328,8.95065021514893,21.0413837432861,0.859892189502716,15.101265909031289,2.6664305744571797
2010-04-25,48.512505531311035,1.686669804155826,52.4260597229004,4.47317886352539,43.6937828063965,0.240653514862061,2.544917605449091,1.4319741013125147
2010-11-19,25.403582731882736,8.951780776182803,30.953088760376,17.5523300170898,17.4169254302979,4.14705324172974,3.9929366629998344,3.467339191202226
2010-05-31,50.35171115398407,10.72679227590561,81.8882827758789,14.3954029083252,12.9600610733032,6.50895500183105,25.983219657405325,2.4933790558296125
2010-06-11,47.38472604751587,6.928790728251137,59.9129905700684,12.1101121902466,34.0227432250977,2.51325440406799,10.05722311350673,3.5663364908645008
2010-11-12,14.229169359430683,12.640832066535951,28.1352634429932,17.2347888946533,0.178312346339226,8.25745105743408,9.00885801169613,2.423806979787984
2010-08-23,60.48475631078085,4.120067810018857,73.1591186523438,6.22062158584595,46.9313316345215,1.79116857051849,7.108620949834889,1.2165986110824925
2010-11-27,30.058535893758147,13.859582285086317,37.4447441101074,19.6314105987549,24.6866817474365,7.79067516326904,4.585132504287179,4.4486384433766775
2010-05-19,46.43484369913737,1.6347278980538247,57.3758659362793,4.36059331893921,40.8476867675781,0.0437432453036308,5.14945675694414,1.2490067194056247
2010-09-26,34.57572118441264,5.665069371461868,51.8925590515137,7.06005764007568,19.0979881286621,3.85268521308899,11.121287710793071,0.8761009456487926
2010-05-30,46.40616043408712,7.30587098002434,59.519947052002,15.5401296615601,30.0714912414551,2.70490574836731,9.417386231688726,4.072939844995629
2010-07-07,76.71777415275577,25.156278292338055,114.49755859375,37.1052513122559,30.1034488677979,14.0839776992798,24.585911417697723,8.304252054177242
2010-10-28,43.072940508524574,7.015638132890064,48.3426475524902,11.722677230835,39.3338088989258,4.38531732559204,2.5066215164559407,2.3507988284799204
2010-06-21,46.53974258899688,9.83997925122579,84.8950271606445,12.6593446731567,12.5460987091064,7.25904750823975,25.598636076149706,1.7549294709324366
2010-08-13,47.93028831481933,2.80496614674727,58.2403030395508,5.11532926559448,41.6398658752441,1.32772696018219,4.602453590740598,1.1757138058633279
2010-03-18,24.99118021627268,22.256763716538757,55.3645095825195,41.3085479736328,1.52970802783966,7.53045654296875,19.3057058213121,11.60357432920059
2010-01-03,32.62627776463827,7.602902521689734,36.6152496337891,11.9782257080078,26.3400115966797,3.9815399646759,2.9261563586551413,3.1360898615660755
2010-05-29,43.97354094187418,2.9286023676395416,54.4742736816406,5.91277742385864,36.2867012023926,2.1778736114502,7.0480802803536164,0.9458614063137463
2010-01-26,28.998368342717495,11.522666931152338,45.1100425720215,20.9414596557617,19.1696834564209,4.4231424331665,5.478265266610235,5.231657457041355
2010-07-04,65.36411992708842,15.008319179217025,99.3922805786133,21.7990322113037,29.3292846679688,9.12705326080322,25.238482886687493,3.587260426882879
2010-03-29,50.26914930343628,1.1652509880562623,57.2478561401367,2.33152985572815,33.2026901245117,0.314484864473343,6.50299954970839,0.7037595586643859
2010-07-19,51.76605494817099,8.955647806326551,74.4252700805664,12.2932462692261,26.695369720459,6.37752342224121,18.564318373380797,1.7245140581803162
2010-12-15,33.51491912206014,4.982186983029048,36.9611320495605,7.22537088394165,29.750545501709,3.58463454246521,1.903651134268401,1.0889011199359606
2010-02-20,29.30258226394653,14.953516840934755,38.3059234619141,29.0497817993164,17.2670154571533,9.25379276275635,5.108214856289413,6.072524891479147
2010-06-10,54.42005268732708,6.74589132765929,81.2212753295898,11.9681758880615,35.0095672607422,0.237782448530197,16.0664318248638,4.148228463324371
2010-06-19,55.128828843434654,6.703149497509003,76.0455932617188,11.3273096084595,39.3221054077148,4.6749439239502,14.08585658138504,2.2810447406902368
2010-04-14,47.34764337539673,11.136320312817894,66.1212844848633,20.9150333404541,30.2140712738037,5.25371789932251,13.351319019372013,5.26555751107866
2010-05-23,47.821402072906494,2.838596031069756,59.8776168823242,6.20228338241577,35.8743057250977,1.08372533321381,6.927977659844379,1.3157475300367616
2010-12-01,46.03748877843221,1.210990850503246,51.8910446166992,2.96328496932983,23.9173011779785,0.133833378553391,9.424284376092485,0.7366927166534745
2010-01-05,22.22427050272624,9.628371397654213,25.0572147369385,11.6476402282715,18.2937068939209,7.56744337081909,2.194448541440642,1.3283144030772178
2010-03-28,51.246774673461914,2.2778727610905976,54.3498878479004,3.03003406524658,47.9355850219727,1.46645021438599,1.5656060420454447,0.42277113310476266
2010-12-03,18.83478927612303,14.416683514912924,27.9786434173584,18.7437648773193,12.4188365936279,7.76489877700806,5.392157616964809,4.13328997199336
2010-07-10,44.47393012046814,4.001677771409352,62.6862335205078,6.63921451568604,30.9398708343506,1.18781006336212,12.345145236002953,1.5954415821330394
2010-05-27,48.39846118291218,9.056956514716148,72.523307800293,15.5014200210571,23.3404178619385,1.44387722015381,13.634943674770364,5.895124170980348
2010-10-04,28.77863371372224,3.0265110234419503,43.1835327148438,5.02487897872925,13.5826320648193,1.84796333312988,8.370746206317586,0.793229870214194
2010-05-16,47.68747663497925,5.091628819704057,62.5232086181641,7.777099609375,35.0404090881348,3.68294668197632,9.28010467709742,1.3335122430843842
2010-12-13,22.304830749829605,6.156629974643394,39.9084091186523,16.4179992675781,10.3946123123169,0.581918060779572,8.20237363451146,5.878574126388415
2010-11-11,24.127440268794704,6.748754858970642,33.1558151245117,14.8729782104492,1.78445374965668,4.86937475204468,7.38305719604698,2.264684872255707
2010-12-14,31.902916272481292,4.037413825591404,34.6487693786621,5.7483229637146,25.852855682373,3.47801566123962,2.1619265927030367,0.47434750711919677
2010-10-10,34.41434041659036,7.1642200946807835,52.606372833252,12.4420747756958,20.0835609436035,4.33565282821655,12.300460319135652,1.8567362456432732
2010-02-26,31.510400046904866,9.751630067825321,42.3957023620605,20.4624824523926,2.46824765205383,4.15731573104858,10.548761170484068,5.563219081822396
2010-09-15,28.181872109572087,6.845430890719091,48.5153884887695,13.454568862915,4.94207191467285,2.80284452438354,15.410422556054282,3.519219559358875
2010-06-20,64.67637952168782,12.783349196116125,79.2420043945312,17.5992755889893,49.1460494995117,8.11972999572754,9.008019063356743,2.9642308781185536
2010-06-04,47.02721126874289,10.11224155624707,58.1326789855957,17.9845905303955,24.8973217010498,3.94451236724854,11.185289755615596,4.955891081849286
2010-01-18,31.774369001388546,3.1187876528129,40.3281517028809,15.922402381897,21.6431217193604,0.106468014419079,4.467725759255225,4.116219494573429
2010-09-24,63.89046112696329,9.718180179595944,79.846565246582,14.6566944122314,50.0795249938965,3.36487865447998,9.632781800621213,3.512313271453719
2010-09-25,56.740769704182945,10.856883366902672,77.393310546875,12.9044246673584,36.0276489257812,7.15006732940674,13.721299762260522,1.4964252226448524
2010-05-11,40.93520696957905,3.829903557896616,53.8274002075195,11.2418594360352,17.0927391052246,1.75075590610504,11.655574459377569,2.6196262169781086
2010-06-07,41.852250496546425,2.589361846446991,55.8234252929688,3.92329025268555,27.1214008331299,1.35450541973114,9.25793638885926,0.7688707590761618
2010-02-27,21.034689287344612,19.590695778528836,33.4031677246094,32.1020469665527,5.67095136642456,15.0837392807007,7.3503297597994495,3.9103146873057364
2010-12-10,29.05014932155609,9.441710660854971,46.4222679138184,14.8703861236572,15.2319326400757,2.01537108421326,12.020730924032026,4.912528013526853
2010-07-22,58.80487060546875,5.437940547863644,73.9090576171875,10.1597299575806,49.1146545410156,2.21390724182129,6.4168009303330775,2.7868040106485736
2010-08-24,59.12607653935749,6.182589023684458,66.5140991210938,11.8576107025146,48.9761695861816,0.0581901967525482,5.513904305259185,4.090941751776447
2010-08-01,41.452704032262154,3.215188751618067,50.2086486816406,3.54532623291016,31.0604991912842,2.57730197906494,5.735803637140013,0.26367645137310186
2010-01-25,48.38989019393921,1.9753398951143035,50.4112167358398,5.37326574325562,42.1237373352051,0.21471406519413,2.166902856769551,1.398435402729861
2010-11-16,41.760738531748466,11.538002292315175,51.1386451721191,14.1888837814331,33.5603523254395,5.05064010620117,6.988276095387005,1.931260483974983
2010-10-18,30.109493533770245,11.422966231902436,45.4025268554688,20.1267833709717,6.37822914123535,3.45524144172668,13.050025302310775,6.192743520529577
2010-03-23,55.172713120778404,6.085442511985697,61.5645904541016,12.2001390457153,44.7723274230957,0.157652154564857,5.003946826563829,3.958747819722425
2010-05-09,49.828134854634605,3.053820232550303,55.5706405639648,4.17714309692383,45.6840782165527,1.8370167016983,3.259632958084964,0.7460123517446798
2010-05-05,48.72675152619681,10.307451387246447,77.6942901611328,14.7883853912354,15.8500318527222,7.62344884872437,22.275843810317085,2.2564182677869624
2010-03-15,35.77358738581339,2.112663753330708,45.3908996582031,5.70379638671875,25.7348480224609,0.151345610618591,6.321282999398303,1.726109153648488
2010-02-11,31.31799054145813,9.522968669732412,36.8258247375488,18.235969543457,9.00961589813232,5.82973861694336,6.3725322162653715,3.0086118775898347
2010-08-30,59.54298249880474,22.90857875347137,101.197738647461,30.5631217956543,21.5266952514648,15.6569871902466,27.215071996906406,4.687865472530823
2010-03-27,47.223285833994545,4.257764269908269,57.0736770629883,5.62778091430664,40.7770843505859,2.47492742538452,6.083617370090949,0.9991678230002721
2010-08-17,46.87422410647074,5.313489991550642,72.7208404541016,10.0435523986816,16.6954612731934,0.0430494695901871,18.379741108106238,2.7149020767326486
2010-11-30,42.742169857025154,3.306776081522306,46.702320098877,6.43307018280029,37.274486541748,1.34482073783875,2.8063133996079226,1.5800683723914268
2010-09-02,68.88853311538698,23.014434019724522,86.7121200561523,28.3332004547119,51.532398223877,16.1531772613525,11.412273346585573,3.186317253195108
2010-08-11,54.44622755050659,12.002261360486344,93.7008590698242,18.1921901702881,20.5392990112305,4.68791580200195,24.96461923667021,4.237519903313698
2010-03-13,51.05939801534017,0.4100380229453247,56.4406089782715,1.28774440288544,46.2040901184082,0.095742866396904,3.6892148366608786,0.36866647119561413
2010-09-01,68.12618748346966,23.41269242763521,107.272514343262,31.4756889343262,18.1172676086426,15.2734880447388,29.70434962723541,5.31201946296767
2010-04-18,39.411581039428704,3.862107286850611,46.7563743591309,5.65668773651123,31.7123985290527,2.33431673049927,4.663778530786674,1.1118017809661107
2010-08-12,54.10968732833863,4.242132902145387,60.8857460021973,6.06089353561401,50.5991096496582,2.94866228103638,2.8919114510036263,1.027285687740945
2010-02-16,31.941635608673092,12.391807789603872,42.3728485107422,38.7485885620117,20.3201656341553,0.771263957023621,6.353218010685189,11.847230793206274
2010-05-14,50.18895626068115,7.656269192695615,73.5011825561523,15.2682704925537,36.2799949645996,3.45464706420898,10.020656757572558,4.317040494368776
2010-04-29,49.85428889592489,5.6917694211006165,62.4563980102539,7.63043022155762,36.3711433410645,4.11590671539307,7.8911404033065695,0.7697694281135972
2010-01-16,8.67142930223296,25.81334364414215,28.7443656921387,44.8675003051758,0.00867556035518646,12.9501028060913,10.994768354724325,7.800233549288712
2010-10-13,28.64919312795004,6.785112977027893,37.5765495300293,9.72792625427246,16.9315013885498,5.24337148666382,6.260744051233598,1.2064752943761774
2010-01-08,11.852818315198718,23.410172760486592,35.6435127258301,30.4597549438477,0.00233470648527145,5.62483978271484,11.189317202584487,6.555073240390741
2010-02-13,17.27665766376413,28.831936279932663,42.3077774047852,53.3206939697266,1.32569213747047E-4,16.1614093780518,16.37084789024815,12.098890193185792
2010-06-01,57.28168455759683,9.128747284412386,75.5977783203125,11.9346055984497,37.2234916687012,7.88892555236816,13.305772780430155,0.9535548411412562
2010-09-07,54.562818209330224,8.363553047180176,65.1576919555664,9.71199989318848,45.1179504394531,7.14868021011353,7.164023294975769,0.9091981720999437
2010-02-07,30.34488797187805,10.47343973318736,42.5702209472656,22.7505359649658,8.99344348907471,7.2960057258606,7.595214371375221,3.7672064680088138
2010-02-03,27.60733976711829,15.97837626934051,39.776237487793,32.0766448974609,0.659618556499481,8.0425386428833,10.507744848794129,5.643798522780802
2010-06-14,43.05657744407654,9.443549613157904,62.1364593505859,11.3923206329346,21.7596988677979,6.61805868148804,15.9974786931298,1.1888164871301636
2010-10-05,24.544659694035843,3.958645577232043,32.6972885131836,8.70982456207275,16.8178367614746,0.739922165870667,4.532350612178672,2.8177527574388606
2010-01-01,2.17974075386013,11.131827298551796,13.0947980880737,28.595043182373,7.71790353848445E-10,0.426123768091202,3.2302651464123504,8.2803359476572
2010-12-27,35.843538681666054,4.335443556308746,39.037353515625,5.84628486633301,31.8884220123291,2.89813256263733,1.899990910776652,0.7765966659479591
2010-03-12,45.809966802597046,3.6177519814421735,56.3390159606934,8.47106075286865,27.5930709838867,0.225231245160103,10.32819083448072,2.7145097581585316
2010-02-15,24.684705654780075,20.615953127543133,35.5824775695801,27.7221221923828,12.4342365264893,10.1966323852539,6.564994007312259,6.375361701713092
2010-09-23,48.15557924906414,9.336936453978224,73.1339111328125,15.9800720214844,13.5338382720947,3.21116423606873,18.046622772986787,4.306517709661895
2010-10-07,37.86755355199178,9.500459551811216,50.9737396240234,14.4735698699951,22.7735786437988,6.50994539260864,8.466335310984642,2.2855849570116433
2010-03-24,45.42763535181681,3.8458034396171557,56.5182647705078,15.514762878418,36.3510093688965,0.788630723953247,6.810937543583081,4.036552413484875
2010-12-31,13.494818806648256,28.35489622751872,20.5415382385254,39.9592895507812,4.37025165557861,20.503454208374,4.671275399336834,5.746709843799029
2010-11-01,30.59885303179424,5.0888447761535645,36.8727264404297,9.60036468505859,16.2821140289307,3.33706617355347,6.2704808293063765,1.6488395148789017
2010-10-19,38.13364577293395,3.2665662119785943,44.9146766662598,6.61225366592407,31.1312732696533,0.481028318405151,4.092507146067638,2.1123324461785757
2010-11-14,16.154605221136887,23.246111353238433,44.4001045227051,38.2017822265625,3.4804216397788E-7,10.507794380188,17.221508226818628,8.068758033653967
2010-05-10,46.25109116236368,3.8208975295225778,54.3051605224609,5.85858631134033,35.4058799743652,1.8456084728241,5.721486033437429,1.2646472599221175
2010-04-01,26.61201985677083,13.800740043322252,45.6549377441406,23.0854549407959,12.8664808273315,6.91273021697998,12.372878003827962,5.136828300116201
2010-04-27,43.25410334269205,2.703534104550879,54.9949378967285,6.04104232788086,26.0664501190186,0.162887930870056,9.012737061032885,1.9502430302134113
2010-01-10,30.53194379806519,6.799435357252759,36.8537902832031,12.852879524231,21.8538913726807,5.14520978927612,3.663822806355442,1.6843455198342814
2010-10-23,28.96682258447011,16.344953775405894,48.4306869506836,30.5542602539062,6.59322690963745,4.7673602104187,14.438414763567325,7.525321111753341
2010-02-05,7.232477936182934,29.130249182383213,23.0544891357422,37.7097702026367,2.50299381150398E-5,20.9673023223877,8.833585565548724,4.6309105550859515
2010-03-31,40.16291650136312,1.9044717202583952,43.9765815734863,5.9660005569458,28.9911270141602,0.725120663642883,3.6875425281624117,1.3533513443152483
2010-03-02,28.15660699208578,8.538651506106062,33.0200271606445,11.5505867004395,20.1296348571777,6.32266855239868,3.387380490975738,1.7789031270421605
2010-10-12,53.216665108998626,11.108564682304852,70.9848098754883,22.7754669189453,31.2881126403809,0.595525801181793,10.601696357998083,6.484411043558665
2010-12-20,27.212324018279716,16.19384797414143,38.3493843078613,32.2446556091309,0.441910982131958,9.17968463897705,11.885291466304771,6.6268431986299285
2010-02-12,21.945807381882336,22.359417637189228,38.1905097961426,45.1426773071289,0.0113652804866433,14.071099281311,10.433030267740659,7.925652912624973
2010-04-04,46.40142742792765,7.413454890251164,70.2154846191406,12.1320924758911,23.3915977478027,1.66786456108093,13.00162614947346,3.7286076914958874
2010-07-12,66.8197676340739,7.38766715923945,79.2550506591797,10.7243490219116,43.6781158447266,5.19405794143677,10.208369622755953,1.7521143622650774
2010-01-07,25.231800572325795,9.738975226879123,29.9698009490967,21.5168170928955,0.495258718729019,7.10198974609375,8.119768655133168,3.5815347526979044
2010-07-18,57.20589311917622,10.036149501800539,74.1298294067383,14.9749755859375,29.9831008911133,6.09600067138672,14.195557106509913,2.441814277401134
2010-10-06,30.59936126073201,7.019065181414287,43.8825912475586,10.6894578933716,15.5775671005249,4.97016859054565,9.243121595519737,1.7118092470853015
2010-10-03,28.977530757586152,5.391179144382476,46.9086723327637,8.86158561706543,12.512303352356,3.72925543785095,11.510678568507293,1.4829434877349463
2010-07-01,37.354718923568726,4.752607852220534,50.5638847351074,7.25035858154297,19.6782512664795,3.21223306655884,9.900266481926153,1.3427780599039716
2010-11-25,27.595350066820775,9.358395854632063,39.0183029174805,19.0166683197021,10.8466930389404,3.86280250549316,8.653678265410194,4.756063648770455
2010-06-17,57.28740723927816,6.660468588272735,63.4756851196289,14.180627822876,50.0569305419922,2.93319821357727,3.500018503906159,4.047119336163532
2010-12-21,33.02177317937214,11.286787450313563,35.306770324707,20.6594619750977,26.9735527038574,7.44944047927856,2.40437275315216,3.7237558829820303
2010-06-28,54.89116438229879,14.84228980541229,85.3026885986328,18.9167060852051,21.8851318359375,10.618670463562,22.7573237910812,2.5627570750637
2010-06-26,52.11402833461761,8.251544435818987,88.0073547363281,13.9324979782104,15.3705205917358,4.61363172531128,24.874716910779043,2.644237772570802
2010-12-09,29.089840730031327,8.386336962381998,36.7561492919922,15.1410036087036,18.5993919372559,4.75844621658325,5.229911098854168,2.9572830749380605
2010-12-08,32.41969553629557,5.214964210987092,35.3829879760742,7.75374412536621,28.9774532318115,3.26208734512329,1.989926923506723,1.4886268829376281
2010-10-31,37.59527516365051,12.13041614492734,46.6689262390137,25.1204032897949,27.0114898681641,2.87708044052124,6.600690593912398,6.872917289740387
2010-01-02,21.989202628533036,13.337224245071406,28.6712799072266,27.0039348602295,1.31515908241272,7.39571380615234,8.338454456986849,5.120960364489369
2010-08-27,43.67061463991801,4.644054541985194,69.3261566162109,6.22909832000732,19.7483062744141,3.00374364852905,15.67558606734929,1.0814942658783318
2010-12-19,6.036045715733656,30.628024339675893,22.3884468078613,37.9928665161133,1.99592366698198E-4,17.2822742462158,7.9114965898591345,7.169649514866224
2010-12-23,30.884391625722255,4.89218885699908,32.9290542602539,7.96468067169189,26.0485763549805,3.35989546775818,2.06323443297681,1.4435433860015552
2010-07-05,73.85399945576987,27.615405956904088,115.693550109863,33.0026321411133,27.994945526123,22.6067333221436,30.805380056617455,3.1615097239922005
2010-07-26,42.43417962392171,3.2785166998704263,58.9428520202637,5.25775194168091,22.1338176727295,2.60087394714355,11.72032576903154,0.6780962417089392
2010-09-19,47.171395301818855,6.36171970764796,67.5973205566406,8.69509124755859,24.5026111602783,4.31795120239258,14.127157037700401,1.5602006922734837
2010-04-11,48.24235041936239,13.99717231591542,72.0996017456055,20.0875549316406,36.7104377746582,6.47541236877441,11.040087400880628,3.548543427068507
2010-08-28,48.669085383415215,7.8251312375068665,88.1591262817383,10.9299411773682,10.1931753158569,5.03495168685913,26.764550542815428,1.772013713802557
2010-05-06,60.19559113184611,8.591808577378593,75.4411697387695,14.2815093994141,42.8055648803711,3.27834987640381,9.774731505578936,3.619108870353533
2010-08-05,65.5802254676819,11.747119685014097,97.6016387939453,15.2102098464966,36.5458869934082,6.16783952713013,19.339490383238672,2.2153350718069724
2010-11-06,24.090427120526627,7.242955227692921,38.4608879089355,11.090651512146,14.5758991241455,5.11778163909912,8.265430299562965,1.680659558627924
2010-11-07,31.37276355425517,5.4945710996786765,41.2985763549805,9.16824245452881,25.0844497680664,3.02333736419678,5.8979043797733,1.8980116006217829
2010-12-12,45.892313957214355,2.8637055680155754,51.4597816467285,8.94752883911133,39.6903381347656,0.125341683626175,3.506230180568102,2.6975449710600836
2010-02-23,42.31878264745077,1.7620681164165337,43.9197235107422,3.89813303947449,39.8614921569824,0.435266107320786,1.1065319711488613,1.1419414534532062
2010-12-26,10.916651133199295,19.644599775473274,29.5344295501709,31.0175895690918,5.15185238327831E-5,5.06325244903564,9.47530880471949,7.185279234724573
2010-01-20,13.298078469237069,14.307789246241251,31.4446716308594,37.715950012207,4.0310053009307E-5,9.51108932495117,9.207928065948447,7.439044128512179
2010-07-31,33.41464346647262,5.281317333380382,63.6397590637207,8.08877468109131,5.80604124069214,3.11401748657227,21.147492670282794,1.567716666426188
2010-04-30,40.60764094193775,20.740575611591332,74.7125854492188,37.9368019104004,9.21717739105225,6.96252965927124,20.98373539768639,9.111188282006177
2010-12-29,14.608444686040462,29.0182081858317,26.2277984619141,51.8204536437988,7.04592966940254E-4,19.4790267944336,7.281515541510127,10.132343750794542
2010-04-17,52.58269023895264,7.80948968728383,63.7612953186035,21.927188873291,43.2030029296875,3.50757694244385,5.091066190985894,5.922336646502745
2010-04-24,40.84523049990336,5.181137392918269,55.3323402404785,9.37899875640869,23.9070701599121,2.8811092376709,11.117864635324786,2.088535907760986
2010-11-23,35.34513274828593,16.620852788289376,50.3924293518066,21.9252376556396,26.1816234588623,6.61544370651245,7.5852739460595435,4.124826234645646
2010-02-10,26.333504418532073,5.965286888182164,37.571475982666,35.1267356872559,6.42608785629272,0.988536417484283,7.8967413148463,8.744238366680648
2010-07-23,48.32098380724589,7.493096530437472,88.9179611206055,15.6482877731323,13.0096626281738,3.10129046440125,28.065686608003713,4.281209134279936
2010-04-10,49.46710236867268,3.589859545230866,57.0693626403809,6.37340545654297,44.3045845031738,2.04474639892578,3.999801840051862,1.1438802307377691
2010-10-09,37.954634428024285,13.116141140460954,53.4783668518066,16.5736980438232,29.3643627166748,7.35879468917847,7.799351201490232,3.298586524165927
2010-08-18,42.37101260821024,12.074111004670469,68.4345550537109,17.7837352752686,9.84369850158691,6.69302272796631,22.896076331439872,3.7789013898339654
2010-03-05,37.61497163772583,8.455110828081764,44.7102203369141,10.9697532653809,34.6069374084473,5.17797040939331,3.008630472221179,1.9095259981787425
2010-08-06,51.81169605255127,5.59184526403745,65.5040130615234,7.82577562332153,34.8097953796387,3.39297795295715,9.384471165648241,1.252231212988811
2010-05-22,63.51117388407389,12.669434428215032,76.2570114135742,22.3204956054688,53.9739799499512,4.01252031326294,5.898290611601706,6.549851073763461
2010-03-26,44.89469019571941,2.438451205690702,62.0815734863281,14.8907194137573,32.7340240478516,0.146441370248795,7.892106577224973,3.2211661375131566
2010-03-17,28.584334214528397,10.814207394917794,52.0933532714844,16.1381530761719,9.90536594390869,5.00497007369995,14.110029156833235,3.76742528061322
2010-08-04,55.14549477895102,6.062534612913925,79.0772323608398,14.0121564865112,40.2098655700684,0.976726353168488,11.80377687417828,3.5628032850979885
2010-05-01,64.16940991083781,20.4005796511968,91.3523406982422,26.7904834747314,33.247142791748,14.0227699279785,19.729286947152595,4.08729965569552
2010-08-07,35.86192814509074,2.4271011302868524,45.6574516296387,3.47559833526611,24.6431541442871,1.68510568141937,8.134161479477662,0.7257491828645679
2010-04-16,59.75981203715006,10.274997770786284,74.8485641479492,16.6476173400879,52.2483253479004,5.64946508407593,6.9179642940314885,3.8424717406341986
2010-11-22,43.83730141321818,11.390497068564095,55.9575233459473,15.9549083709717,35.0652542114258,5.95742130279541,7.998949726878815,3.008638554953702
2010-04-26,45.7062217394511,1.8119616629555821,49.5623741149902,3.79039835929871,42.1851196289062,0.123105861246586,2.466486667770564,1.3029601132478599
2010-02-21,25.433778926730152,24.548618753751125,34.2846412658691,53.9175758361816,0.557849526405334,11.835807800293,8.307308213511563,12.817720782338439
2010-08-22,61.88092041015625,4.292714824279149,66.5152053833008,5.31565141677856,53.1331253051758,1.85525465011597,2.975877517305764,0.9480045762433806
2010-02-18,26.352073907852162,15.357659816741927,35.932373046875,28.2858543395996,15.0059013366699,11.0132617950439,5.551425157550242,3.983823160814833
2010-07-29,66.61721913019818,12.277802546819059,101.959899902344,18.6986865997314,35.2400398254395,6.55670785903931,19.32656211239979,4.416246642742628
2010-03-06,35.209429581960045,8.682236313819892,43.3130836486816,12.2982044219971,28.920991897583,5.17657709121704,4.646169323489434,2.2934477390556687
2010-09-29,43.178430477778114,7.065408125519753,57.3403816223145,13.4638595581055,27.1691417694092,1.37914907932281,7.957060740181541,4.081449933504209
2010-04-13,31.654778043429058,12.290030916531878,47.7821464538574,20.2039356231689,11.8637237548828,6.93482208251953,12.132509663084637,4.881032075650368
2010-09-11,36.557532231012985,5.051329940557481,64.7277450561523,7.4888129234314,12.757924079895,2.90972900390625,18.568611358561007,1.1434374224216914
2010-06-27,57.88864199320475,13.513030926386522,72.8894882202148,18.1154937744141,41.0054817199707,10.6005821228027,10.326322441858029,2.409770915028387
2010-10-27,44.41414292653402,4.603801846504212,51.016975402832,6.85701036453247,40.3241195678711,3.67562580108643,3.3907146959329655,0.774894188768882
2010-10-08,34.362265348434455,7.587374190489449,49.7624092102051,11.5121774673462,18.6710109710693,5.38082695007324,9.688197533130902,1.716769817161184
2010-10-14,38.4417269229889,5.196995000044505,49.683910369873,9.89833450317383,25.1415023803711,2.47062349319458,8.416903934889735,2.3050756129455046
2010-01-06,24.271355231602985,7.9096201856931065,29.2905921936035,9.39006805419922,19.7567310333252,6.39653635025024,2.7133288166469325,0.9433024809356761
2010-09-30,31.64060680071513,1.4464273999134702,41.4677848815918,1.82251715660095,27.3661365509033,1.10214865207672,3.996492027982084,0.1861811544192391
2010-05-07,43.31429704030355,4.296406527360281,58.9200325012207,6.33266115188599,26.3198356628418,3.28009867668152,9.24491630373219,0.7740812307151331
2010-11-15,36.28961435953776,6.930223345756531,38.7482147216797,15.4288234710693,31.1249885559082,3.42121410369873,1.989770655766183,3.6001975928404994
2010-04-20,46.08843525250753,6.820153951644901,65.2241897583008,11.5798902511597,26.2016010284424,4.50665378570557,12.889085195134832,2.2758812206984596
2010-08-15,57.079319636027016,15.066458781560266,64.1012268066406,17.661865234375,48.9082412719727,10.2388381958008,3.9750016861594535,2.4112430595705727
2010-10-17,34.94855483373007,11.971298297246298,55.9952239990234,19.0523986816406,10.3474817276001,3.99535131454468,13.758649410391742,4.88265584056821
2010-05-26,60.96508248647056,13.483798066774996,102.007652282715,21.8093509674072,23.1391010284424,6.48821258544922,27.493163778850853,4.990454800517924
2010-06-18,41.87288411458333,3.8358747065067287,66.5782165527344,5.26284217834473,18.5734806060791,2.83665800094604,16.720326095978365,0.7527399455144677
2010-07-16,70.30887587865193,9.827675243218733,87.1454849243164,16.060848236084,43.3190307617188,5.32857036590576,13.63772929009353,3.6869718510316143
2010-10-11,38.333203395207725,22.13492345809937,67.8528060913086,37.0986633300781,8.24395847320557,11.7244520187378,19.787516080155914,6.560746476434768
2010-04-22,54.175874869028725,6.250675700604919,68.3469924926758,12.4179258346558,40.3383903503418,0.218892782926559,8.283521272894989,4.303509931549455
2010-05-12,44.49488123257955,2.1511312822500863,53.9913787841797,6.16763973236084,31.4738903045654,0.120925679802895,8.32650380757416,2.0672648291559077
2010-09-17,57.80786085128784,5.724624216556549,68.5413513183594,14.7034482955933,42.8196144104004,2.22238707542419,7.160104599969319,3.8937769398530713
2010-01-23,21.8882532150795,12.521378457546241,34.8972396850586,24.9494342803955,0.222784951329231,6.24142169952393,9.947923351691294,5.431904640082172
2010-06-02,57.473292112350464,10.028421521186836,86.9924087524414,13.5873537063599,30.8248500823975,4.07765340805054,20.003150066716533,3.429857055036232
2010-10-29,33.3304291566213,5.659542848666509,39.5809669494629,8.19909572601318,23.5146236419678,3.40763139724731,5.177386072434399,1.3746220841264558
2010-09-16,43.902310291926064,8.888452033201846,62.4000091552734,15.8998289108276,18.4466457366943,4.7649974822998,15.827400508899535,3.833074264343553
2010-12-17,11.509397479395075,21.646610140800473,32.58056640625,34.5085334777832,0.48912501335144,9.00234127044678,11.866512553628418,7.274166318071534
2010-12-30,7.858418718784255,24.503800312678024,25.7009925842285,50.4071502685547,1.0237338301522E-6,12.2595386505127,9.966910150177336,10.984019175383429
2010-01-24,38.05454309781391,4.687691191832225,45.9621086120605,9.74114894866943,28.364294052124,2.49526429176331,5.293250749468789,2.360262080351422
2010-01-27,21.704307715098068,14.490513364473967,30.0419387817383,20.1778907775879,11.1014928817749,10.5639963150024,5.715353904725249,2.772518026132663
2010-09-09,41.608061154683426,4.770528902610142,51.7529258728027,6.80895376205444,27.1988353729248,2.28373551368713,7.329938765658791,1.6293850297975345
2010-09-10,34.88445711135864,3.275477121273676,48.477725982666,4.5653247833252,26.3458843231201,1.93760585784912,7.563586333027698,0.9910419390512906
2010-01-29,36.070378541946404,4.627395520607631,40.5597686767578,8.58929443359375,30.3807735443115,2.86816215515137,3.2122626561359238,1.6380926563313336
2010-07-08,54.555310408274345,7.690923611323039,71.5455932617188,18.366569519043,42.656909942627,1.71133255958557,8.515831968174801,5.6124414101821305
2010-04-19,44.77401129404705,4.861916263898213,58.7085189819336,8.9907283782959,34.860279083252,2.621098279953,8.846969218454195,2.1604558565151573
2010-05-24,40.68906672795613,3.807496070861817,53.5935745239258,6.17712116241455,30.107177734375,2.53380155563354,8.596489503691854,0.8976403025742143
2010-10-16,41.41307179133097,2.1855297535657887,46.9006462097168,3.60595321655273,35.588077545166,1.0119286775589,3.4880004758681324,0.6387523345395041
2010-10-15,42.1894363562266,3.070863316456478,53.4906196594238,3.68373537063599,29.6872024536133,1.64326333999634,7.33486672961945,0.6508830526153278
2010-07-30,36.85017343362173,3.9172098835309352,58.8820266723633,9.91872501373291,15.2671070098877,2.67496085166931,14.557814928308265,1.6599226618933245
2010-10-26,50.59456125895182,6.315740903218587,54.1197128295898,9.22959232330322,46.5818901062012,4.16676425933838,2.33881445984879,1.6159724214693316
2010-03-21,57.975131352742515,22.315279960632324,67.3307189941406,31.0528526306152,41.4959297180176,13.453067779541,6.971978951532704,6.199982606561444
2010-04-09,52.65738487243652,3.9468981189032397,59.328971862793,6.72619962692261,45.4464797973633,0.388922929763794,3.964227967317442,1.9181806473537564
2010-03-16,35.049585898717254,4.038082460562389,43.3894805908203,9.25719738006592,23.916919708252,1.93527936935425,5.002244859629024,1.8442282998075368
2010-11-13,11.437029250962942,19.13696074485778,35.0162353515625,27.7774410247803,3.82755693806303E-8,6.88728713989258,13.741453017840746,7.599665927620309
2010-10-01,33.9510945479075,1.6878261181215446,42.1131820678711,3.65410351753235,27.0977611541748,0.44446650147438,5.116456523751989,0.7151421648927361
2010-06-06,50.088639418284096,9.546769698460897,61.4178848266602,13.1792259216309,39.8979759216309,2.10204863548279,6.883957283165876,3.625879366004174
2010-04-12,47.0064407189687,7.650498072306316,65.5039672851562,12.1810579299927,30.2214908599854,4.52312850952148,11.924192670920814,2.6237366739533914
2010-07-15,69.34103997548421,6.57951174179713,86.5766296386719,9.0365571975708,45.5100784301758,3.87813138961792,13.86480723842157,1.4400314285651103
2010-01-17,11.635320385141922,17.94127737854917,32.0734825134277,38.2082901000977,0.0403185747563839,0.406679391860962,7.684065697652849,12.145201583116766
2010-01-11,15.472975780566536,22.03704718748728,25.2555541992188,32.5473709106445,2.58500933647156,14.4394083023071,8.174840606990427,4.787041956915588
2010-02-22,17.175719725899402,23.968767742315933,38.6229400634766,56.9623565673828,0.0197644680738449,4.16250562667847,13.843659771570895,16.52512857276402
2010-11-03,19.110106473478172,14.315121173858644,41.8331451416016,27.8389587402344,0.0123550901189446,5.29182481765747,16.052815480579547,7.903871981550155
2010-11-21,26.915933291117355,10.261556744575502,38.8636436462402,31.1442394256592,14.3723239898682,3.00392651557922,8.33356187141193,9.834650967990157
2010-10-02,32.93315156300863,3.2389823893706002,46.5884780883789,5.29446411132812,23.0686359405518,2.69255948066711,6.85302981167609,0.5498606699505467
2010-03-01,36.717321236928306,8.631845573584242,40.5941390991211,17.7579174041748,26.0220794677734,4.9699878692627,3.3935672791304903,3.79898025897721
2010-08-10,60.136952797571816,10.689433058102923,87.3478469848633,21.0741481781006,25.1899948120117,5.23291683197021,18.245068829045717,4.043758638349396
2010-05-04,51.73393551508587,10.51001310348511,77.3761596679688,14.1288280487061,20.9805107116699,8.73056316375732,18.853235264741635,1.3370906658264219
2010-07-24,68.81911436716716,14.73813863595327,85.9543609619141,19.4805488586426,45.8927879333496,9.14399433135986,14.802320749743451,3.8864833968579475
2010-02-02,9.100697790264404,37.26065198580424,27.4233493804932,48.1854972839355,3.90427294405526E-6,25.7610111236572,10.626744518730415,7.685196758219922
2010-03-19,33.53652528921764,17.312319238980617,60.7980613708496,30.9238090515137,11.740816116333,7.03334856033325,18.448461990779172,8.013847477419386
2010-06-16,46.53438870112101,6.639973918596904,59.6045455932617,9.3537483215332,36.6210021972656,4.3412880897522,8.139096480348512,1.126828957579079
2010-06-05,57.440420786539725,6.8598994215329485,76.817985534668,12.3081731796265,41.8364181518555,3.92185401916504,13.521892277651641,2.530158442358744
2010-06-24,54.77385520935058,13.422140528758362,86.7481536865234,21.7882213592529,27.4635906219482,2.28737139701843,21.729978442152476,6.493285770294848
2010-07-27,46.12301484743754,5.80220760901769,87.3268966674805,8.24920177459717,12.9885692596436,4.00285577774048,26.854393686287256,1.2694542145026817
2010-09-12,39.46065680185954,2.5482249936709795,45.8449516296387,4.43699550628662,36.3523330688477,0.219115152955055,2.2459373179410878,1.7584241828900997
2010-10-24,33.35029168923697,17.167836586634312,50.0963020324707,24.11545753479,13.2992248535156,13.7891187667847,12.540171921922168,3.6235643044100545
2010-08-02,39.98279889424642,3.409776488939921,52.7682189941406,4.40302896499634,26.1511268615723,2.66925573348999,9.47522373710105,0.6456505885941629
2010-03-07,34.36201238632203,12.677267948786413,46.1557312011719,17.4904918670654,27.8890419006348,8.37167167663574,6.248892341497356,2.6779239167792044
2010-04-23,45.929652293523155,8.084819475809736,63.8146629333496,13.661096572876,28.6732959747314,5.00047254562378,11.081376787058677,2.8986914355507056
2010-07-02,39.08985245227814,4.1850326359272,67.0712661743164,8.15215492248535,15.3248863220215,2.3697714805603,17.651866979775832,1.747937495848352
2010-03-14,41.70268050829569,4.287340173187354,50.7331848144531,12.7737522125244,21.9297618865967,0.0363465547561646,8.370385324950785,3.9254639923212737
2010-08-26,48.392321427663155,14.291652500629418,79.1140365600586,25.7098026275635,15.1938934326172,5.11489725112915,20.1187724584677,6.631543256475738
2010-07-25,57.87648153305053,13.807497660319006,81.0004348754883,19.5292358398438,37.4592056274414,5.73929214477539,15.268603385395247,4.018811673899118
2010-01-19,18.88785850462273,20.630360523859654,28.5218162536621,34.9255218505859,4.07583829655778E-5,16.6795387268066,8.249755063338934,4.292837695433286
2010-07-14,70.39696264266966,6.960875580708186,97.7532348632812,12.9393939971924,41.761604309082,2.46098804473877,17.829888902099455,3.154221345942434
2010-02-25,7.102214467676776,16.969519004225734,34.4541664123535,39.2052421569824,1.43490728987672E-6,1.62796294689178,10.28805766014489,16.19500213058609
2010-02-06,32.054858863353736,11.163621018330254,40.5272178649902,33.2449913024902,7.44331407546997,1.86587190628052,10.65781379986492,8.334540856383821
2010-03-22,54.051083405812584,6.653041683137417,58.5279960632324,13.0219802856445,48.7644157409668,0.546549260616302,2.905069689458876,4.264982461221771
2010-09-06,41.88950006167094,7.006924867630005,69.8034362792969,8.89620304107666,20.0928611755371,4.71941804885864,18.2821080946028,1.0252265340953843
2010-12-22,25.755091706911724,8.273135046164196,31.0939674377441,13.261736869812,11.1770153045654,5.10811519622803,5.481116957009041,2.613237070974461
2010-08-14,56.50305620829264,9.361710210641219,71.2506866455078,15.0399770736694,42.169261932373,4.10189247131348,12.338708744707223,4.197183367652557
2010-12-07,32.43049518267314,4.068695853153864,35.349552154541,5.00512886047363,28.3415260314941,2.78625750541687,2.0741506250058337,0.7202585174219467
2010-10-25,43.80536810557047,10.214139580726625,54.9638214111328,14.8387489318848,33.8884506225586,5.67382383346558,8.402192038720539,3.5593218897847865
2010-12-04,25.784463167190555,8.774289925893147,34.3203392028809,12.4541177749634,17.2470932006836,5.34638023376465,5.04334029052285,2.5720881451893254
2010-02-19,30.816526651382443,11.738741834958399,39.2119026184082,15.6191701889038,22.8464794158936,8.92473030090332,4.748190615776782,2.0514671830115314
2010-07-13,70.02415625254314,4.439072658618291,74.4293899536133,9.49450874328613,64.5669326782227,2.41823959350586,2.7698285731961723,2.090323459020181
2010-11-02,21.961008270581562,7.470056096712749,32.2185745239258,12.8615522384644,7.79576873779297,4.35326671600342,6.997312766092622,2.437012232728578
2010-06-22,49.21458293994268,10.51316940784454,77.8317947387695,12.7740955352783,7.57786989212036,8.73103809356689,25.464840933049153,1.0907523449861976
2010-03-09,29.553157329559323,22.87708787123361,39.1507339477539,30.2627964019775,20.6715145111084,15.5620393753052,5.845916896491582,4.4999940905597455
2010-01-21,19.3490199247996,10.96334451436996,34.4653282165527,18.3794765472412,5.17456102371216,6.25738763809204,9.494211733771825,3.602874214143677
2010-09-05,40.90897289911906,6.482107420762378,58.4305648803711,10.2110443115234,24.6312446594238,5.30301475524902,11.07576021623333,1.4203470046958346
2010-06-12,51.91347503662109,3.7493529518445334,60.4623641967773,6.30789613723755,46.1798515319824,2.44288659095764,4.434691557499595,1.451398633809398
2010-08-08,46.02745278676351,4.753385489185651,59.3733787536621,9.14840793609619,33.0205230712891,1.62884187698364,9.868627708792316,3.0877416434216562
2010-11-08,33.92018103599549,8.63303182522456,39.2084197998047,12.7081346511841,28.8114986419678,6.18057155609131,3.4552955225106747,1.8172699260211687
2010-05-03,50.89050277074178,6.97762946287791,68.9668884277344,9.4732084274292,37.9821701049805,4.59846639633179,10.438127953912543,1.1403124131994478
2010-03-25,38.22170909245809,17.829983035723373,64.3186721801758,32.6126022338867,13.7094097137451,7.00844097137451,20.5080747309173,7.426145746582904
2010-02-28,23.082957148551944,26.55231908957164,40.9336585998535,33.4711227416992,12.3597021102905,12.1415929794312,8.155801194429793,6.366150730550844
2010-06-09,35.71051653226217,6.558273255825042,61.9609718322754,11.3063774108887,11.6726551055908,2.17941927909851,15.489990867936587,2.336884126730275
2010-05-21,46.686840772628784,11.139914751052864,81.878303527832,14.3743743896484,16.2810573577881,8.01006126403809,25.21692757518149,1.7224376860926829
2010-11-09,32.57838567097981,2.8833350191513696,38.4494781494141,5.93664407730103,19.7793064117432,1.45344734191895,4.685511567973037,1.0731361311942507
2010-10-20,22.161926825841263,15.580189923445387,38.1727333068848,30.095287322998,5.21218538284302,5.38667249679565,11.04265814258006,7.4527760649441905
2010-05-20,42.10478480656943,10.377335111300157,68.4713516235352,20.0475654602051,19.8634662628174,5.27972412109375,17.636995157974027,4.7204895469420505
2010-06-29,55.97491582234699,14.647030552228287,74.9485702514648,16.7552967071533,43.4800415039062,9.69884777069092,11.993724565054636,1.9162083657191014
2010-06-13,53.29136403401693,8.135721226533256,73.2583389282227,14.4709672927856,35.303768157959,1.77820491790771,10.844114132251391,3.34468978836963
2010-12-05,28.6859168211619,6.092151234547298,33.3691902160645,8.805100440979,24.2473011016846,3.9137647151947,2.9716449133550658,1.7034851509013218
2010-06-15,40.26687200864156,6.68881526589393,62.8997077941895,13.057183265686,21.050271987915,3.24220418930054,13.925092259682437,3.5255479602445763
2010-08-21,51.187377532323204,5.181493163108826,64.9484329223633,8.46121597290039,29.3901615142822,3.68193602561951,12.927168107717538,1.6601313691630515
2010-03-10,27.42305111885071,25.889376481374104,52.5440406799316,32.8011436462402,9.9315881729126,17.3417415618896,16.40951778510035,5.802333232067002
2010-07-17,61.91742960611979,9.918496827284496,79.4591369628906,18.5045795440674,36.3006362915039,5.46089553833008,14.814597906845353,4.112578191436869
2010-07-06,65.28233742713931,20.943761944770806,106.482078552246,27.7953090667725,19.1844215393066,15.7478609085083,30.733351374514818,3.691277875480253
2010-06-08,39.150788585344955,4.1548621257146205,59.3796463012695,7.1116623878479,14.4209461212158,2.57621431350708,15.793977353852569,1.392429540109905
2010-11-24,34.04518270492554,5.191125472386678,48.8966751098633,8.85160350799561,27.1429634094238,2.83631801605225,5.934606933862618,1.9723011432891142
2010-10-30,35.519068479537964,8.549560407797498,46.3320922851562,16.250452041626,19.414623260498,5.26725912094116,8.249855060948152,3.022504443042485
2010-05-08,56.96797879536947,6.714861710866297,69.0094909667969,17.7989864349365,50.406063079834,3.26250100135803,4.770783853640549,4.63727320093371
2010-04-06,47.62469617525738,18.405759553114574,86.5169677734375,38.3882026672363,17.8819828033447,5.70189571380615,25.760793717872893,10.677454391703739
2010-07-11,58.38298805554708,6.755509654680888,91.8360290527344,9.66030406951904,27.9087524414062,4.05869483947754,24.684594914366752,1.6774371027494628
2010-03-03,35.84345046679179,6.007155398527783,42.3997039794922,10.8167181015015,25.5887813568115,2.67769646644592,5.011043605624341,2.390067930338247
2010-12-28,32.079749902089425,8.223180532455443,40.4296646118164,19.0150375366211,11.3384113311768,4.54543304443359,7.237237210497797,3.7526953915469696
2010-01-14,4.560047108040939,36.03917717933655,16.8452930450439,49.4912948608398,8.17961263237521E-5,27.4114818572998,6.3308857641118665,6.037699001884552
2010-06-25,52.850239833196014,3.833649804194767,86.5793609619141,5.21838808059692,23.8686542510986,2.33870434761047,21.433832608473175,0.8605672009394693
2010-04-07,67.73614184061687,14.170880675315864,92.1637954711914,18.7357063293457,33.9802131652832,7.78872537612915,18.194027293979104,3.7473401642046023
2010-02-08,23.21769192814827,16.653165817260746,37.078498840332,30.8808860778809,3.5398952960968,11.9381885528564,9.333375933111984,4.865429340927378
2010-12-11,33.73717379570007,10.423066178957617,41.9069480895996,14.3433122634888,22.9377422332764,5.57779788970947,5.1663890271968596,2.2113083552260178
2010-01-09,32.98989200592041,5.710363507270814,35.0817680358887,6.95062303543091,31.0165939331055,4.89575290679932,1.2048573908032878,0.5314990291030551
2010-08-31,58.413858572642006,20.766738255818684,97.0581359863281,26.7784786224365,22.7333545684814,12.9559688568115,29.45773983237742,4.5630393416188815
2010-08-20,45.72704195976257,13.221381296714162,72.3556060791016,27.9017658233643,16.1075592041016,3.72525215148926,21.719169966607744,8.340781543212731
2010-03-30,35.04455355803172,0.4098876186956962,43.5513763427734,1.14399468898773,11.0714826583862,0.13908463716507,10.647722683084838,0.27368029312518244
2010-01-12,13.183480595548943,28.324608246485397,30.0652713775635,39.0381546020508,0.62721186876297,8.5937442779541,11.53108234106967,8.84541621192886
